file,label
274372570541658989154427999749713792787.png,cow
75292165844306098058798030144890044057.png,Loose Silky-bent
219004722696276899835825372008014862319.png,Fat Hen
fd87b36ae.png,Loose Silky-bent
0e8492cb1.png,Common Chickweed
258631332018335530473018258544371337604.png,Maize
8d6acbe9b.png,Small-flowered Cranesbill
54b3afd58.png,Cleavers
6049234e6.png,Loose Silky-bent
82b5f4d33.png,Cleavers
a0f37c726.png,Small-flowered Cranesbill
e0ec5b6a1.png,Loose Silky-bent
1cfd91582.png,Charlock
456d507c0.png,Cleavers
d6d31dcbe.png,Loose Silky-bent
e1abb4ff9.png,Scentless Mayweed
82878454518725124540355488923463334419.png,Black-grass
aa7d098d1.png,Common Chickweed
e19673dc9.png,Common Chickweed
3e9f41817.png,Loose Silky-bent
c88ebfb47.png,Small-flowered Cranesbill
59c6a9f95.png,Small-flowered Cranesbill
5ee9d0a5b.png,Loose Silky-bent
0caeda5df.png,Loose Silky-bent
862b8e7a0.png,Loose Silky-bent
0ee4ad224.png,Common Chickweed
165697452593065637739550612453914041943.png,horse
92292055d.png,Small-flowered Cranesbill
dabe3e5be.png,Small-flowered Cranesbill
668c1007c.png,Charlock
fb022edf9.png,Loose Silky-bent
d102e1a15.png,Cleavers
5af1d74ee.png,Loose Silky-bent
1d0cbd819.png,Loose Silky-bent
154724755307757630427856846047520394512.png,Loose Silky-bent
b215531dd.png,Cleavers
b145ba9d4.png,Scentless Mayweed
24a058589.png,Charlock
6a41bf95b.png,Common Chickweed
5bdcfa329.png,Loose Silky-bent
9643fc5f4.png,Small-flowered Cranesbill
98d819587.png,Common Chickweed
4b155fb07.png,Maize
e5064f6be.png,Loose Silky-bent
0d31e6602.png,Small-flowered Cranesbill
cf46d09c5.png,Small-flowered Cranesbill
4bbf1f6ea.png,Small-flowered Cranesbill
8faadb6a8.png,Loose Silky-bent
c1ecff98b.png,Loose Silky-bent
466bb6d3b.png,Charlock
256605108858811806670633595745785987524.png,cat
3ebbe9ca4.png,Charlock
25fa8d109.png,Loose Silky-bent
20e562fd5.png,Common Chickweed
d14aa43f3.png,Small-flowered Cranesbill
157140348088638880269647872951614795497.png,Cleavers
cadab6616.png,Cleavers
338067903126998569237742935116002452917.png,horse
f25996db8.png,Small-flowered Cranesbill
4392d93cf.png,Loose Silky-bent
cbe761896.png,Small-flowered Cranesbill
d2f0f326e.png,Black-grass
4e9d3765f.png,Charlock
110408828332335439225773811218593171507.png,horse
b3d6fdb80.png,Small-flowered Cranesbill
966ae5ad9.png,Loose Silky-bent
25124888688781975905622243339168702167.png,Cleavers
96f14d90c.png,Sugar beet
8c9953903.png,Sugar beet
5c3cd7ea2.png,Scentless Mayweed
9baf94467.png,Loose Silky-bent
43ede9de9.png,Small-flowered Cranesbill
1623fb9e1.png,Loose Silky-bent
b6a3f7876.png,Common wheat
9c32a797e.png,Loose Silky-bent
71e73a8a0.png,Fat Hen
8db450ce3.png,Common Chickweed
a85b48a95.png,Fat Hen
be341dbdc.png,Loose Silky-bent
314975112001815520539544433871319897870.png,Loose Silky-bent
c74c5b7fc.png,Small-flowered Cranesbill
c0bc3997b.png,Common Chickweed
72555447363456976865511676921847571677.png,cow
279df95f2.png,Common Chickweed
085974290.png,Scentless Mayweed
dd9f36df7.png,Small-flowered Cranesbill
325943156157125577042328598477643459225.png,Sugar beet
d41d87796.png,Scentless Mayweed
d09d24c58.png,Loose Silky-bent
155756667098961875765933154970540649956.png,Small-flowered Cranesbill
29ce426a1.png,Scentless Mayweed
6b721f68e.png,Loose Silky-bent
dd5ec63d9.png,Loose Silky-bent
25cf6eb73.png,Charlock
b62dca166.png,Loose Silky-bent
099b961ec.png,Small-flowered Cranesbill
fc3e58836.png,Common Chickweed
d09275360.png,Fat Hen
146785100480898461107064555952020161494.png,Small-flowered Cranesbill
03a2ee656.png,Small-flowered Cranesbill
675ec1b0b.png,Sugar beet
6680836dd.png,Fat Hen
699d3c707.png,Sugar beet
42e7ed442.png,Common Chickweed
1758a1baf.png,Common Chickweed
22fbf13d6.png,Loose Silky-bent
6982a9d30.png,Loose Silky-bent
17a78fb44.png,Loose Silky-bent
c0d9e170b.png,Small-flowered Cranesbill
164220732858183449269454108375924012403.png,horse
fe9e87b78.png,Scentless Mayweed
248173364742838721675489634048745283488.png,Charlock
b5c7fd009.png,Loose Silky-bent
b4f7c9214.png,Loose Silky-bent
ec08a5d56.png,Small-flowered Cranesbill
a8b431a3e.png,Scentless Mayweed
534e74d83.png,Maize
e52493d0b.png,Fat Hen
32c86784b.png,Common Chickweed
4b032563b.png,Common Chickweed
2126dc71b.png,cat
37142287413060832387989434210431520690.png,Scentless Mayweed
a74bf916d.png,Small-flowered Cranesbill
2d992d1fb.png,Loose Silky-bent
271476766091276706152172533427464969228.png,Cleavers
b6f3d8b5d.png,Fat Hen
d0152bd7c.png,Loose Silky-bent
61b044411.png,Fat Hen
c6c8d4ba0.png,Loose Silky-bent
866be78b0.png,Common Chickweed
36839d5e9.png,Common Chickweed
88ac6df54.png,Scentless Mayweed
3526b05cc.png,Scentless Mayweed
fa5fd1384.png,Small-flowered Cranesbill
74d810f87.png,cat
d6d80a321.png,Scentless Mayweed
306038077356851448863259538347164838114.png,cow
a74d475c2.png,Small-flowered Cranesbill
3f826b318.png,Fat Hen
7a38416be.png,Charlock
192968486686556129701619561901370849000.png,cat
158015087220133722354507397127581689790.png,Common Chickweed
305879860867209537951966405217020312128.png,Fat Hen
e783f5a4f.png,Loose Silky-bent
5bd71f445.png,Common Chickweed
809eb0b82.png,Small-flowered Cranesbill
589e643b8.png,Shepherds Purse
8ca6140ca.png,Loose Silky-bent
e19ad6ac9.png,Fat Hen
93079d970.png,Common Chickweed
974959ec1.png,Loose Silky-bent
78b1bf91a.png,Sugar beet
7b21ba6ba.png,Sugar beet
f593c9cf0.png,Sugar beet
199407958516455386162422016010830148639.png,dog
02cfeb38d.png,Loose Silky-bent
8e6ec1ca6.png,Small-flowered Cranesbill
39020541516125191390856189913208363630.png,cow
52dc7a4d6.png,Common Chickweed
060f1dc84.png,Charlock
fadc6adbc.png,Charlock
f3fcfff1b.png,Charlock
16fd2e01a.png,Small-flowered Cranesbill
174584585708402934949468205947202087528.png,Cleavers
46c14fde2.png,Black-grass
207124969784208891168375283776935742454.png,Loose Silky-bent
fea355851.png,Loose Silky-bent
3fbd0fc6a.png,Charlock
2693e5c65.png,Common Chickweed
d0cdc768f.png,Loose Silky-bent
65e97117e.png,Loose Silky-bent
1821eb11a.png,Small-flowered Cranesbill
0021e90e4.png,Small-flowered Cranesbill
5ca2687a4.png,Maize
fea1d13d6.png,Cleavers
da9ef7858.png,Charlock
8311740de.png,Loose Silky-bent
539961189.png,Loose Silky-bent
1c52ea820.png,Loose Silky-bent
f2dc546ca.png,Cleavers
140857853165198415574902366279087906293.png,cow
241e6935a.png,Loose Silky-bent
131515028209415829337163444258686192234.png,Cleavers
99290367983953612964997061525471858911.png,Fat Hen
a890ac088.png,Charlock
fd925f542.png,Fat Hen
bd789d151.png,Common Chickweed
67ce3eaa6.png,Small-flowered Cranesbill
297335725476089120308901425880491464743.png,Small-flowered Cranesbill
fbf88b6be.png,Charlock
16568802823399926537993912978242608531.png,cow
74068643d.png,Loose Silky-bent
3d67c434b.png,Scentless Mayweed
311571958228423005463719291182794896287.png,cow
a276c65f7.png,Loose Silky-bent
313373334876967799755257414321148943035.png,horse
2a5064f19.png,Loose Silky-bent
9fab816f2.png,Loose Silky-bent
8b27bfd2b.png,Small-flowered Cranesbill
bffc08672.png,Sugar beet
3a909ead8.png,Small-flowered Cranesbill
377283a21.png,Maize
7f46a71db.png,Scentless Mayweed
953496deb.png,Scentless Mayweed
d93c7ab6d.png,Loose Silky-bent
134223686023004660961320948290751077062.png,horse
90d119d25.png,Sugar beet
1456216224179311383053419850660836360.png,Fat Hen
114772305850941529804817023941438556136.png,cow
a060c1cf8.png,Charlock
c4ed8ed38.png,Charlock
134517694510611052674113344385520452621.png,cow
9a3f20121.png,Loose Silky-bent
129743092130922354709757083873252591694.png,Loose Silky-bent
b828443ff.png,Charlock
b341d0aab.png,Common Chickweed
e721c6ac8.png,Loose Silky-bent
5eb9c26a6.png,Black-grass
ce15eee52.png,Small-flowered Cranesbill
bb1c84bbc.png,Loose Silky-bent
168385630382723891591620139842599285701.png,cow
0f6cbe5e8.png,Maize
158568641639916073956357578317310077522.png,cow
9df3275da.png,Small-flowered Cranesbill
c64370a72.png,Scentless Mayweed
ff65bc002.png,Small-flowered Cranesbill
9c8b08a24.png,Loose Silky-bent
c832e4302.png,Loose Silky-bent
4ea7493d5.png,Scentless Mayweed
305103817997933688959159719983626330537.png,cow
24d78df74.png,Sugar beet
071cb3ece.png,Loose Silky-bent
165681fd9.png,Small-flowered Cranesbill
7696badea.png,Loose Silky-bent
99036c51d.png,Loose Silky-bent
0ebf8f2f4.png,Common Chickweed
6d6eb3830.png,Small-flowered Cranesbill
4bcdaa5e2.png,Charlock
214613186751357559379922587688155333442.png,Small-flowered Cranesbill
12625488b.png,Loose Silky-bent
3bbef3ecb.png,Loose Silky-bent
97844bfd5.png,Small-flowered Cranesbill
eec1079a1.png,Small-flowered Cranesbill
199155473599124684710769961471332427726.png,Loose Silky-bent
1bf9b94a6.png,Charlock
521b27a17.png,Loose Silky-bent
e80a259c5.png,Cleavers
cc74feadc.png,Black-grass
ad12382d4.png,Loose Silky-bent
003d61042.png,Loose Silky-bent
53e6e9000.png,Loose Silky-bent
f85ed9b6d.png,Cleavers
632156793.png,Fat Hen
ce3d280eb.png,Fat Hen
159097802903600686184733580836417241116.png,Fat Hen
a0b393945.png,Small-flowered Cranesbill
7691014a1.png,Small-flowered Cranesbill
f9ea23fb5.png,Loose Silky-bent
410e6f702.png,Small-flowered Cranesbill
ef9676433.png,Charlock
d84d37a61.png,Common Chickweed
323408344544652499497775096969478523194.png,Maize
f9b6bfb00.png,Cleavers
9326bda1b.png,Small-flowered Cranesbill
a35fd6fbb.png,Common Chickweed
0ad9e7dfb.png,Shepherds Purse
a935ca110.png,Loose Silky-bent
4f44ca525.png,Small-flowered Cranesbill
8cf909eb3.png,Charlock
abf8b0772.png,Common Chickweed
32a8c8a1d.png,Loose Silky-bent
16357b436.png,Loose Silky-bent
fba8fc78a.png,Loose Silky-bent
336557156944137706503115774917439449533.png,horse
beebe5f4e.png,Common Chickweed
6bce55e05.png,Charlock
205df1df3.png,Common Chickweed
1376f3b63.png,Loose Silky-bent
197668243924729768062177942273393120828.png,cow
204381697197705326838190503222793443851.png,Fat Hen
115f93ecc.png,Loose Silky-bent
30ad31220.png,Charlock
d7017f701.png,Loose Silky-bent
446f7da01.png,Loose Silky-bent
17d5e5ac4.png,Loose Silky-bent
a4b61a4ea.png,Loose Silky-bent
240486860101241591988646368956502058242.png,Maize
8e2e5604e.png,Small-flowered Cranesbill
abc331628.png,Fat Hen
1d321253f.png,Fat Hen
a2b703e21.png,Small-flowered Cranesbill
37e545a60.png,Common Chickweed
8dbb8e1b9.png,Small-flowered Cranesbill
f23faf9c1.png,Loose Silky-bent
d6c8c3c48.png,Small-flowered Cranesbill
52319067382024617228519468580881978006.png,Charlock
dc4cd56a3.png,Loose Silky-bent
a93f940d6.png,Scentless Mayweed
285676140404979007787341663388364583395.png,cat
a800caead.png,Loose Silky-bent
8ece6efec.png,Common Chickweed
59f62ad1d.png,Loose Silky-bent
0437393b1.png,Loose Silky-bent
827279bad.png,Fat Hen
6a47821f9.png,Loose Silky-bent
e82017baa.png,Loose Silky-bent
b31292706.png,Small-flowered Cranesbill
664194d19.png,Small-flowered Cranesbill
590f5aea6.png,Charlock
da5255450.png,Common Chickweed
4e69d100a.png,Small-flowered Cranesbill
235345302867770592133568317043735054079.png,Fat Hen
df521c0c0.png,Loose Silky-bent
d3331e071.png,Loose Silky-bent
dabea05f4.png,Loose Silky-bent
e921021a8.png,Small-flowered Cranesbill
e5e3dccff.png,Cleavers
47658595428324394789821309099589089323.png,horse
200139867815805863838338836300541656717.png,cow
721be0a4a.png,Loose Silky-bent
308768974486201426493204194488857859960.png,Cleavers
327899408026058550571264798310392256142.png,horse
5817b766d.png,Shepherds Purse
506347cfe.png,Scentless Mayweed
a006a475c.png,Common Chickweed
837ac0270.png,Scentless Mayweed
1d48b7564.png,Loose Silky-bent
3eda9cbb6.png,Scentless Mayweed
77641762340000575402719745289950213964.png,cat
81820588195773871709617053255895796936.png,cat
dc55449b2.png,Scentless Mayweed
33748968f.png,Cleavers
4c5ab9b68.png,Cleavers
65489944f.png,Charlock
43093308851330361115509807808566775544.png,cat
5b3000b9a.png,Common Chickweed
76dbd1054.png,Loose Silky-bent
f8318faf1.png,Scentless Mayweed
301147076855745514250934905419632318975.png,Fat Hen
116b136de.png,Scentless Mayweed
b47691c08.png,Scentless Mayweed
043449b0b.png,Sugar beet
4287d810c.png,Small-flowered Cranesbill
ce42adffb.png,Loose Silky-bent
8b9144917.png,Fat Hen
73260a4ee.png,Fat Hen
6da892be6.png,Small-flowered Cranesbill
25a4c427e.png,Loose Silky-bent
329665165222156222666556764282954555838.png,Common Chickweed
d689256be.png,Fat Hen
71b232519.png,Loose Silky-bent
060450d79.png,Small-flowered Cranesbill
c35efa095.png,Common Chickweed
20f983a71.png,Loose Silky-bent
98da6ef4e.png,Scentless Mayweed
3281183f9.png,Loose Silky-bent
23e480e64.png,Small-flowered Cranesbill
948cdb277.png,Cleavers
7fdb7202d.png,Charlock
9b4800b42.png,Scentless Mayweed
2d9c798f9.png,Small-flowered Cranesbill
4823c3ffa.png,Loose Silky-bent
63c07d340.png,Scentless Mayweed
2b55a2da2.png,Small-flowered Cranesbill
1191ba346.png,Scentless Mayweed
4f83143e1.png,Common Chickweed
0885e7690.png,Scentless Mayweed
fd253a74e.png,Fat Hen
cf90fc52d.png,Shepherds Purse
e1a0e3202.png,Loose Silky-bent
223e4af09.png,Cleavers
1934602282905564411137564382967371979.png,cow
0fb233ad6.png,Small-flowered Cranesbill
391dcd7fd.png,Black-grass
c50335991.png,Loose Silky-bent
8a8d6c712.png,Black-grass
711b46fba.png,Small-flowered Cranesbill
c06e7c748.png,Cleavers
79920487282616616957785964286422285560.png,cow
218874480359658910745178439199095919505.png,Fat Hen
85431c075.png,Loose Silky-bent
de0b79659.png,Fat Hen
323962859341397187559733874890643216236.png,Loose Silky-bent
6edb96d45.png,Cleavers
2d5058a59.png,Common Chickweed
5800821529197395684376383811505648904.png,cow
ac3193f78.png,Common Chickweed
31f3dd81f.png,Loose Silky-bent
b687160f5.png,Small-flowered Cranesbill
c0461776c.png,Common Chickweed
79dafec17.png,Loose Silky-bent
1d56351b2.png,Small-flowered Cranesbill
c75a82234.png,Common Chickweed
1f3f44563.png,Charlock
aecfaed64.png,Small-flowered Cranesbill
892e9d6c6.png,Scentless Mayweed
37c3108d6.png,Small-flowered Cranesbill
219fd68d5.png,Scentless Mayweed
90b595f12.png,Common Chickweed
f4ad9d950.png,Loose Silky-bent
31fcdc161.png,Maize
cd5f0db1c.png,Small-flowered Cranesbill
126885852381802297485400046421120374507.png,cat
141134796774537872893376214203054235318.png,Scentless Mayweed
808cf55c6.png,Small-flowered Cranesbill
8e29abce1.png,Scentless Mayweed
2ea664465.png,Loose Silky-bent
ae90f2827.png,Common Chickweed
d89db156f.png,Small-flowered Cranesbill
406ecb5c5.png,Charlock
04814f36d.png,Scentless Mayweed
bea23d9f8.png,Common Chickweed
5f04aed97.png,Small-flowered Cranesbill
00ef713a8.png,Small-flowered Cranesbill
d2fd9df40.png,Loose Silky-bent
c6b76307d.png,Cleavers
5ca0205f9.png,Charlock
9b9911f20.png,Scentless Mayweed
e9d48d664.png,Scentless Mayweed
8170d33c1.png,Maize
249451222255011971456357460003031103449.png,cow
79d93bc96.png,Loose Silky-bent
c7ae30f3a.png,Common Chickweed
116704387373891336451565740440867502286.png,Charlock
c069fc3fa.png,Fat Hen
47f9e5d91.png,Common Chickweed
8a30b2de3.png,Sugar beet
252851447096038123213788688169590275512.png,cat
161196054664388557991196765680101972961.png,cat
26852751a.png,Charlock
148bbda66.png,Charlock
8a32d0bfa.png,Small-flowered Cranesbill
026716f9b.png,Loose Silky-bent
721b2c47a.png,Loose Silky-bent
dfb1d9012.png,Loose Silky-bent
310516026735076971327010957131643477302.png,horse
11816076994895324649934163808334277882.png,Maize
ef65533d5.png,dog
e14afa235.png,Loose Silky-bent
fa9f3a8f9.png,Cleavers
6908fb540.png,Loose Silky-bent
6be169e41.png,Cleavers
1f5e5554e.png,Scentless Mayweed
c7051c902.png,Fat Hen
207375459522060103334423353450491069833.png,horse
48231e475.png,Fat Hen
204914159507302442852853896207647602575.png,Loose Silky-bent
67e185673.png,Small-flowered Cranesbill
c26ccf73c.png,Cleavers
5bbc0a255.png,Common Chickweed
afcf6abd5.png,Small-flowered Cranesbill
a3b375b34.png,Sugar beet
f445fe6fb.png,Small-flowered Cranesbill
08d591441.png,Common Chickweed
14090112419467635596243152474014384963.png,cat
184823180061507477615223147578186422542.png,cat
089ad62a7.png,Common Chickweed
e901b0f28.png,Fat Hen
17529c555.png,Scentless Mayweed
77360151594581870619931401915376057672.png,Small-flowered Cranesbill
290061792719156548259503310097441814692.png,Cleavers
7506c0c02.png,Common Chickweed
67499015394759352748226861668773730947.png,horse
0dba99002.png,Loose Silky-bent
41f1c3cdb.png,Common wheat
61dd2cdc5.png,Loose Silky-bent
cc3d2a59a.png,Loose Silky-bent
958bb9e96.png,Charlock
c8f50f0c3.png,Loose Silky-bent
bf66b9cd2.png,Common Chickweed
4e1190d78.png,Loose Silky-bent
226359594838668908864724935895635261518.png,Fat Hen
7f31c7f42.png,Loose Silky-bent
cd6adba97.png,Small-flowered Cranesbill
6c874918c.png,Loose Silky-bent
69344847646008003226000890002787943907.png,cow
97b2f0a10.png,Small-flowered Cranesbill
855955aaf.png,Small-flowered Cranesbill
bb7621cb3.png,Fat Hen
334776080465612835836895017467604431949.png,dog
56112b92c.png,Small-flowered Cranesbill
fef2ade8c.png,Sugar beet
bebcaab66.png,Scentless Mayweed
969a851be.png,Scentless Mayweed
8cf2e3e6c.png,Small-flowered Cranesbill
122913909.png,Maize
3185294c8.png,Scentless Mayweed
a169b71e7.png,Common Chickweed
8303b27ed.png,Loose Silky-bent
305211207627370030117762132248380875948.png,Charlock
8301b0547.png,Charlock
b0acaff4a.png,Black-grass
128666660697340047860559405866579513119.png,horse
0c51bf229.png,Common Chickweed
218572383383613116731843791557167533814.png,Cleavers
5315c2dca.png,Loose Silky-bent
8c98a6e9b.png,Loose Silky-bent
268466161340733945642407791701377458241.png,dog
47b7d8e17.png,Small-flowered Cranesbill
0911d3dee.png,Small-flowered Cranesbill
197949903143766509354888794770564649727.png,dog
5a38ac566.png,Loose Silky-bent
140874279045691525639698180662781108545.png,cow
f33e9d918.png,Scentless Mayweed
77ccb8b2a.png,Loose Silky-bent
550a8b7e6.png,Small-flowered Cranesbill
4049a6ea6.png,Loose Silky-bent
25501884364557686458867068179923056940.png,dog
f0ffa00bd.png,Common Chickweed
e1809cef2.png,Loose Silky-bent
177d7e2a4.png,Small-flowered Cranesbill
780bd2a2c.png,Loose Silky-bent
62950154961377561969019821661100027286.png,cow
cf3a8b2fd.png,Sugar beet
ace8761dd.png,Sugar beet
5b3beec58.png,Loose Silky-bent
835dc5447.png,Small-flowered Cranesbill
a2d25b4f3.png,Small-flowered Cranesbill
19b51843a.png,Common Chickweed
b7ad92859.png,Small-flowered Cranesbill
5296835a0.png,Small-flowered Cranesbill
c0f5d9ac8.png,Small-flowered Cranesbill
bd72d4d8a.png,Common Chickweed
e5881dd33.png,Loose Silky-bent
bb1d1bfd3.png,Charlock
be2499cf4.png,Fat Hen
88d8a4508.png,Loose Silky-bent
279824515966779663404071810018281739488.png,Maize
22e79540f.png,Scentless Mayweed
203805660439442335201150329870714860334.png,Cleavers
b573b7a56.png,Loose Silky-bent
05341a8a6.png,Common Chickweed
1541bdb2e.png,Common Chickweed
24d36c52c.png,Loose Silky-bent
60fea2ef6.png,Loose Silky-bent
9cce7328c.png,Loose Silky-bent
7c85b0265.png,Loose Silky-bent
213010846992993125757394995282035612722.png,dog
f66ae4070.png,Maize
5e6a237f2.png,Sugar beet
3eebd36c6.png,Charlock
324338038775833126048298558622079712516.png,dog
f1f7c833f.png,Common Chickweed
172f9b10b.png,Common Chickweed
4280164400535057109286884511271219794.png,cat
558aa7deb.png,Loose Silky-bent
313231939987799596951903524823531770007.png,cat
0c27cf05f.png,Sugar beet
294424611615990486145336901939260155032.png,cow
156501488117142425871132707485449087127.png,cat
71f5323c5.png,Loose Silky-bent
39b740f7e.png,Loose Silky-bent
39c8fde99.png,Loose Silky-bent
604dd663f.png,Small-flowered Cranesbill
03e322a29.png,Small-flowered Cranesbill
29f49cd0b.png,Loose Silky-bent
7d22abf91.png,Scentless Mayweed
3827436f3.png,Sugar beet
ef7a5651d.png,Loose Silky-bent
d8f4923f8.png,Small-flowered Cranesbill
3f92d8039.png,Loose Silky-bent
261721312666638197177994776320456402234.png,Loose Silky-bent
7b52585da.png,Loose Silky-bent
29bab7cad.png,Common Chickweed
599c82eea.png,Loose Silky-bent
a1da8be3c.png,Maize
d17f48d3b.png,Scentless Mayweed
0c45ace27.png,Common Chickweed
7e9cf1c46.png,Common Chickweed
b130a0632.png,Cleavers
4bbfd1e05.png,Small-flowered Cranesbill
7beb2766f.png,Common Chickweed
3dd52bd2a.png,Small-flowered Cranesbill
824f5d4e5.png,Loose Silky-bent
24c94a6ca.png,Scentless Mayweed
3efa1f66c.png,Black-grass
9aa5587fe.png,Loose Silky-bent
b3e08b037.png,Small-flowered Cranesbill
44e8b8833.png,Small-flowered Cranesbill
56917300092257762426239503887041395840.png,cow
0751c0bbc.png,Loose Silky-bent
141288964762857107986328591477323779391.png,Cleavers
2533256648758739248155804939325373193.png,Scentless Mayweed
606647f64.png,Common Chickweed
cae684f8f.png,Cleavers
756dd5070.png,Sugar beet
adb7a032c.png,Loose Silky-bent
1f290e016.png,Common Chickweed
333263032901858711224355406604764742660.png,cat
78750e0ff.png,Charlock
133841806823844001284779128832235658927.png,Loose Silky-bent
3edf5e9ef.png,Loose Silky-bent
272429491546730328900537269039444633472.png,Charlock
dce2f6612.png,Scentless Mayweed
8b043093d.png,Common Chickweed
0625f063b.png,Small-flowered Cranesbill
b39c71707.png,Maize
caa2fbd79.png,Small-flowered Cranesbill
851c90831.png,Loose Silky-bent
f4e7733d4.png,Small-flowered Cranesbill
128150439282056712115408218271508522690.png,Loose Silky-bent
36d62bf36.png,Loose Silky-bent
9516e56c4.png,Black-grass
e478c452c.png,Sugar beet
13b9fa92d.png,Loose Silky-bent
52a87abe5.png,Loose Silky-bent
76555b064.png,Loose Silky-bent
fda0b5c38.png,Loose Silky-bent
ffc6f8527.png,Loose Silky-bent
98579764887662716283988121658046843319.png,Cleavers
9d79a1f0c.png,Small-flowered Cranesbill
8104422bb.png,Common Chickweed
4c8005bbc.png,Loose Silky-bent
80e299ae9.png,Charlock
df11d56a7.png,Loose Silky-bent
e4d5ec761.png,Loose Silky-bent
88043886972843562702142934560096402483.png,cat
38c054379.png,Maize
222213340463524013031035623127471049874.png,cat
35a90f8d0.png,Scentless Mayweed
bb64660b7.png,Scentless Mayweed
6b9d6f8c9.png,Scentless Mayweed
71334c634.png,Maize
48ef6a2ff.png,Loose Silky-bent
efe19dc32.png,Charlock
0bf7bfb05.png,Loose Silky-bent
8bc0261c9.png,Loose Silky-bent
aad8375e0.png,Small-flowered Cranesbill
d350a25fa.png,Maize
87f627bf9.png,Shepherds Purse
258b1183c.png,Charlock
114928248151480809544723696673666065832.png,Charlock
39d569be4.png,Loose Silky-bent
55251925f.png,Loose Silky-bent
6df8e31ea.png,Charlock
d488a4fe1.png,Loose Silky-bent
e5297b675.png,Loose Silky-bent
a7bd7cadb.png,Fat Hen
33448fe39.png,Loose Silky-bent
41e07778c.png,Cleavers
bdde957ec.png,Cleavers
55920f07f.png,Common Chickweed
acdb75e00.png,Loose Silky-bent
b03397525.png,Loose Silky-bent
65d08b894.png,Loose Silky-bent
96ecad7a1.png,Charlock
f4caf74f9.png,Charlock
fc6f686fb.png,Loose Silky-bent
aaf4da98f.png,Loose Silky-bent
c60e91e07.png,Loose Silky-bent
99569b224.png,Loose Silky-bent
0d117d910.png,Fat Hen
1e095a7e1.png,Loose Silky-bent
91924591497228461027528170526356690192.png,horse
39453312692293265931452091481804719003.png,dog
e15472085.png,Common Chickweed
edfdb4aeb.png,Cleavers
104683525912619422361857060634408985829.png,dog
1fefb54b7.png,Loose Silky-bent
ef74dbcad.png,Cleavers
50de8a115.png,Small-flowered Cranesbill
0a64e3e6c.png,Loose Silky-bent
272052943815228679401343895304689918359.png,horse
a3d0031fd.png,Loose Silky-bent
754b1adf8.png,Shepherds Purse
a85fc8c9a.png,Small-flowered Cranesbill
e6f1211a2.png,Sugar beet
f1e87cba7.png,Loose Silky-bent
f48916a8c.png,Scentless Mayweed
6db684fff.png,Common Chickweed
19618ad6a.png,Loose Silky-bent
a19c3faca.png,Small-flowered Cranesbill
c63da993b.png,Cleavers
da231c97f.png,Common Chickweed
df7cb5f87.png,Fat Hen
429211ee6.png,Loose Silky-bent
c10ccbd82.png,Scentless Mayweed
59358cd44.png,Small-flowered Cranesbill
d668409ff.png,Loose Silky-bent
a2c89c367.png,Common Chickweed
112485258353284290672019959199048368754.png,horse
124047223733496743652165022394853255380.png,cow
e7077322d.png,Scentless Mayweed
444473900.png,Loose Silky-bent
129912795065426341768877479705680766581.png,cat
19e58cc5e.png,Common Chickweed
a8388a37f.png,Small-flowered Cranesbill
2a667e099.png,Sugar beet
166441517905955823139547549624675940523.png,Cleavers
d2f422ccb.png,Fat Hen
3d38a87bc.png,Common Chickweed
5bc6595f6.png,Maize
b026bf8ca.png,Loose Silky-bent
60f0bc617.png,Small-flowered Cranesbill
cfb18d262.png,Fat Hen
995c7ab1e.png,Charlock
100678009896320647899893409088656908765.png,Loose Silky-bent
7d3045fc3.png,Loose Silky-bent
187668bde.png,Small-flowered Cranesbill
8455169fe.png,Loose Silky-bent
5a6bf96f6.png,Maize
327234189712878220381244383128070883371.png,cat
e3f50adfc.png,Cleavers
1be0713da.png,Scentless Mayweed
dcd7ff249.png,Loose Silky-bent
502dff972.png,Small-flowered Cranesbill
209991932795420662149560461401859474191.png,Loose Silky-bent
8585f9718.png,Loose Silky-bent
eaf0815e2.png,Small-flowered Cranesbill
39141507718372352680002658194996793768.png,horse
239bdf640.png,Small-flowered Cranesbill
234860784261611515975235099606951230192.png,Maize
e73e308be.png,Loose Silky-bent
686dc7ec8.png,Black-grass
65e262a6d.png,Small-flowered Cranesbill
300859693147928303462439014372810168619.png,Small-flowered Cranesbill
da713c465.png,Loose Silky-bent
16467a950.png,Charlock
8cfd98117.png,Scentless Mayweed
bfab3e3d0.png,Sugar beet
4ac29bbf0.png,Common Chickweed
3d65168c2.png,Common Chickweed
75cb95e91.png,Charlock
216086960249390153242908794497879657166.png,Cleavers
87608f7aa.png,Charlock
3b73c3b61.png,Loose Silky-bent
5779fe8b4.png,Loose Silky-bent
2bd74d2da.png,Loose Silky-bent
e9cd91682.png,Common Chickweed
a8da9c08d.png,Scentless Mayweed
ac75d3326.png,Loose Silky-bent
248436078.png,Cleavers
e98e5d1d5.png,Loose Silky-bent
785a73ab8.png,Common Chickweed
1b490196c.png,Scentless Mayweed
bb20fce02.png,Cleavers
a38b8a581.png,Small-flowered Cranesbill
163695579935400027337996780584674285580.png,cow
5b63dcc21.png,Common Chickweed
897e5a8de.png,Cleavers
138087630898562419769770784939807813111.png,cat
20ea96bcc.png,Black-grass
86676d627.png,cow
eef131644.png,horse
618de3d7a.png,Charlock
e96e57a90.png,Cleavers
54c8bb900.png,Charlock
232615359403760498171902254514234787663.png,cow
26e7ae885.png,Fat Hen
9c0c5b731.png,Loose Silky-bent
1b6a6494d.png,Loose Silky-bent
219455120290804822669302628899595226286.png,dog
647689543.png,Loose Silky-bent
cec5bf198.png,Scentless Mayweed
a5db42f7d.png,Common Chickweed
486e59179.png,Small-flowered Cranesbill
f4021df6c.png,Loose Silky-bent
2df78338c.png,Common Chickweed
0086a6340.png,Common Chickweed
406162ef9.png,Charlock
c5e419015.png,Common Chickweed
963544aa0.png,Loose Silky-bent
4a337a4a9.png,Sugar beet
e88bf0db9.png,Small-flowered Cranesbill
24dbc3b21.png,Loose Silky-bent
69d1669f8.png,Charlock
39858776a.png,Scentless Mayweed
800a8c17e.png,Fat Hen
cbba27d89.png,Charlock
b944a49ca.png,Loose Silky-bent
b30ab4659.png,Cleavers
2e86f1085.png,Fat Hen
e5368474f.png,Fat Hen
653193c1a.png,Loose Silky-bent
490c4f9c8.png,Common wheat
93d76fd5d.png,Common Chickweed
e471f1d3a.png,Charlock
203265593202860009460420706164069523935.png,cat
74fd477eb.png,Common Chickweed
1312065a5.png,Small-flowered Cranesbill
593896f83.png,Small-flowered Cranesbill
91e469b4a.png,Fat Hen
a55d26a4c.png,Small-flowered Cranesbill
276249131300663132701713329212435180433.png,cow
106969068951140273655041470296347064369.png,horse
43531701325899816531266862885776649975.png,Loose Silky-bent
b2706e2b3.png,Loose Silky-bent
11d3f68ff.png,Loose Silky-bent
c5078bac5.png,cat
78c5fba1d.png,Sugar beet
1926e82fd.png,Loose Silky-bent
98062cd87.png,Scentless Mayweed
19fdf19fb.png,Loose Silky-bent
f9f35cbd4.png,Common Chickweed
90792613204647310434032512253572752883.png,cow
8a4d3a1b1.png,Loose Silky-bent
e84464f5a.png,Cleavers
770a265f5.png,Small-flowered Cranesbill
aee6fa3df.png,Loose Silky-bent
8e4eaeec0.png,Fat Hen
fdea6b119.png,Sugar beet
64fe8beb9.png,Sugar beet
1dc7c45df.png,Loose Silky-bent
217902267119307572045944953308417248515.png,Charlock
a8c8a1db0.png,Small-flowered Cranesbill
23bc8ec4f.png,Scentless Mayweed
780defa2e.png,Small-flowered Cranesbill
37714071b.png,Common Chickweed
b98327bf4.png,Scentless Mayweed
8916793ce.png,Small-flowered Cranesbill
56a01b835.png,Small-flowered Cranesbill
659412b1a.png,Loose Silky-bent
214239112776057343946791626655568338539.png,horse
f4234cf4f.png,Loose Silky-bent
36ed4f215.png,Common Chickweed
cfd8165e9.png,Charlock
32b42c120.png,Small-flowered Cranesbill
55a852f40.png,Common Chickweed
6ba4ef411.png,Loose Silky-bent
007b3da8b.png,Sugar beet
976e4e079.png,Common Chickweed
8e3ed0a25.png,Cleavers
110611044018222634138856823020713578824.png,cat
14380194072277964234041208705738750077.png,Charlock
2f0004a7f.png,Loose Silky-bent
03566743d.png,Common Chickweed
7615e52d3.png,Scentless Mayweed
a254d71f6.png,Sugar beet
167036249800467535507023746338272377946.png,cow
6edc76e7c.png,Fat Hen
f6d250856.png,Small-flowered Cranesbill
0c4199daa.png,Loose Silky-bent
d563be369.png,Loose Silky-bent
03ef36742.png,Loose Silky-bent
c7eb96871.png,Loose Silky-bent
728eabae1.png,Charlock
06d12f6fa.png,Shepherds Purse
55fed435f.png,Charlock
a8de7c1b7.png,Loose Silky-bent
8ab8a958b.png,Loose Silky-bent
063363305.png,Small-flowered Cranesbill
1364b297a.png,Cleavers
fea3da57c.png,Scentless Mayweed
afa446484.png,Small-flowered Cranesbill
599691cd9.png,Small-flowered Cranesbill
30846890120582397950082072328896402690.png,horse
338c7e907.png,Small-flowered Cranesbill
a544fc46d.png,Small-flowered Cranesbill
a9d2eab61.png,Loose Silky-bent
59e1cea8d.png,Small-flowered Cranesbill
fe29629fb.png,Sugar beet
2ff5cb348.png,Loose Silky-bent
335273078026111927237395298180343749182.png,Common Chickweed
af45e222a.png,Scentless Mayweed
c7b07431e.png,Scentless Mayweed
171099943741832123027355289862837280713.png,cat
c5e88cd42.png,Common Chickweed
e15fce4f2.png,Scentless Mayweed
288564c76.png,Sugar beet
cb496f36e.png,Loose Silky-bent
d515398fd.png,Loose Silky-bent
07e62f903.png,Maize
0c5f6c493.png,Loose Silky-bent
b1cd2a91e.png,Cleavers
7d4cd07ad.png,Fat Hen
ede6b84b4.png,Cleavers
2f246d688.png,Small-flowered Cranesbill
60ee66ddd.png,Cleavers
00c47e980.png,Fat Hen
f351ce097.png,Loose Silky-bent
d01873fdd.png,Loose Silky-bent
277342999464856792510834293312872414793.png,cow
4e18ab737.png,Loose Silky-bent
86f08e6d1.png,Loose Silky-bent
2dd5cfba9.png,Scentless Mayweed
0ae6668fa.png,Loose Silky-bent
00d090cde.png,Loose Silky-bent
1c680883c.png,Loose Silky-bent
752101fdf.png,Loose Silky-bent
8874bba69.png,cat
35cf9fa01.png,Shepherds Purse
cb76a7766.png,Loose Silky-bent
b9062c1c8.png,Common Chickweed
8d6991365.png,Loose Silky-bent
20817c846.png,Common Chickweed
bf3924a57.png,Black-grass
a1e0a6c02.png,Cleavers
3fbf1a417.png,Loose Silky-bent
52509726095920577976850197126416349547.png,cat
63032002817935748760364485428883829421.png,cow
2406d6c99.png,Shepherds Purse
ef02b4ee7.png,Loose Silky-bent
b7a7f6390.png,Loose Silky-bent
7cabd68cc.png,Loose Silky-bent
53ceb4657.png,Charlock
162067984167559497589802256577226317703.png,dog
37297a64c.png,Fat Hen
207695716330411009239100211329772817253.png,dog
126a71ce0.png,Charlock
36211170707286219341195983444241060422.png,cow
1694a70e4.png,Cleavers
60685184629783975228902220329011389722.png,cow
177597797005870580821610305585986395357.png,dog
ef3e232ad.png,Common Chickweed
5883b423d.png,Scentless Mayweed
244591306613618370516978986964206711815.png,horse
292137704194734036030075239273219056470.png,Cleavers
337621120724960212018107073797143581345.png,cow
59b2c6f2b.png,Common Chickweed
117543511520732421976880066624886538965.png,cow
808578ed5.png,Fat Hen
6dd095129.png,Common Chickweed
856f2910a.png,Small-flowered Cranesbill
3f64c2c1b.png,Loose Silky-bent
c85ef220d.png,Scentless Mayweed
523e5505c.png,Black-grass
ab0f67743.png,Loose Silky-bent
79fba50db.png,Sugar beet
d9c50616e.png,Common Chickweed
1459e96a0.png,Fat Hen
14bb43eee.png,Loose Silky-bent
b7192c70f.png,Loose Silky-bent
304134872278207184283087089127775511200.png,cat
35ebe165c.png,Loose Silky-bent
66ab0e8d0.png,Common Chickweed
01291174f.png,Loose Silky-bent
592473c83.png,Loose Silky-bent
b4c3df835.png,Common Chickweed
578085607549996704754764695939539694.png,horse
79e5ea8fa.png,Common wheat
8f523520c.png,Common Chickweed
ab35453cb.png,Fat Hen
ba3ce6b3e.png,Scentless Mayweed
57763307770861539621564823814776214127.png,cow
c2de6020a.png,Small-flowered Cranesbill
171720249867167170640390438502627974069.png,Charlock
48d97c645.png,Small-flowered Cranesbill
34dd57ca9.png,Loose Silky-bent
592cc5b89.png,Loose Silky-bent
52961071606578367284788477208693528083.png,cow
3abb502fb.png,Loose Silky-bent
35127407563079918440916079424532296443.png,Fat Hen
6802506029821315220865816476049833091.png,Scentless Mayweed
3da774107.png,Loose Silky-bent
615d2b0a9.png,Scentless Mayweed
d5f7dd60a.png,Scentless Mayweed
270b939cf.png,Shepherds Purse
5dcad9a53.png,Black-grass
9d3cb4745.png,Loose Silky-bent
214243591387724231452959121529049275470.png,Cleavers
33317fc2a.png,Fat Hen
b29339405.png,Black-grass
c10db7ae2.png,Maize
9c777333d.png,Common Chickweed
260071317580112326382061405707000841570.png,Loose Silky-bent
7f9e9565d.png,Common Chickweed
86c309150.png,Loose Silky-bent
4c7838de4.png,Small-flowered Cranesbill
fda39e16f.png,cat
da4ed3a28.png,Charlock
a83820a2c.png,Loose Silky-bent
e4a76885b.png,Maize
